source,author,title,description,url,urlToImage,publishedAt,content
"{'id': None, 'name': 'Hwupgrade.it'}",,Attacco informatico a Tata: rubati dati sui prodotti di Apple e Tesla,"Tata Electronics ha subito un attacco informatico con un furto di dati: gli hacker sono riusciti a mettere le mani su tante informazioni, compresi documenti e file legati ad Apple e Tesla, partner di Tata",https://www.hwupgrade.it/news/web/attacco-informatico-a-tata-rubati-dati-sui-prodotti-di-apple-e-tesla_155304.html,https://www.hwupgrade.it/i/n/Apple_speseADV_720_3_720.jpg,2026-06-25T06:01:01Z,Tata Electronics ha confermato di aver subito un furto di dati a seguito di un incidente di sicurezza informatica che ha colpito alcuni dei suoi sistemi. L'azienda indiana è partner di Apple e Tesla … [+1776 chars]
"{'id': None, 'name': 'Naturalnews.com'}",Jacob Thomas,Scientists confirm: Sodium-ion batteries could topple Tesla’s lithium empire,"A study in Cell Reports Physical Science confirmed that Hina’s commercial sodium-ion battery matches the performance and production quality of Tesla’s lithium-ion batteries. Sodium-ion technology offers cheap, abundant materials derived from salt, eliminating…",https://www.naturalnews.com/2026-06-25-sodium-ion-batteries-could-topple-tesla-lithium-empire.html,https://www.naturalnews.com/wp-content/uploads/sites/91/2026/06/sodium-ion-battery-catl-20-year-lifespan-2156-original.jpg,2026-06-25T06:00:00Z,<ul><li>A study in Cell Reports Physical Science confirmed that Hina's commercial sodium-ion battery matches the performance and production quality of Tesla's lithium-ion batteries.</li><li>Sodium-io… [+5602 chars]
"{'id': None, 'name': 'Prtimes.jp'}",,世界で最もテスラが安い街、東京,"[Tesla Japan 合同会社]
[画像1: https://prcdn.freetls.fastly.net/release_image/38481/66/38481-66-219543a56b0668e2301e18ce2223e894-1388x636.jpg?width=536&quality=85%2C75&format=jpeg&auto=webp&fit=bounds&amp...",https://prtimes.jp/main/html/rd/p/000000066.000038481.html,https://prcdn.freetls.fastly.net/release_image/38481/66/38481-66-219543a56b0668e2301e18ce2223e894-1388x636.jpg?format=jpeg&auto=webp&fit=bounds&width=2400&height=1260,2026-06-25T05:40:41Z,"2026624EVCEV127ZEV4030Model 3 RWD¥3,343,000 
197 237Model 3 RWD¥2,943,000300 
197
 237
Model 35,313,000CEV127110102,843,00053 
  ZEV202671 * 
https://www.tesla.com/ja_jp/drive
 Model 3
Model … [+57 chars]"
"{'id': None, 'name': 'Ixbt.com'}",Jin,"Телепатия станет реальностью? Маск заявил, что Neuralink планирует передать сигналы между людьми уже в 2026 году",Идея предполагает общение без слов и жестов,https://www.ixbt.com/news/2026/06/25/telepatija-stanet-realnostju-mask-zajavil-chto-neuralink-planiruet-peredat-signaly-mezhdu-ljudmi-uzhe-v-2026-godu.html,https://media.ixbt.site/1600x900/smart/https://www.ixbt.com/img/n1/news/2026/5/4/image%20-%202026-06-25T080633.044_large.jpg,2026-06-25T04:59:00Z,"Neuralink 2026 . , , , «».
 Tesla, , - (Yun-Ta Tsai), :
 , . , , - .- 
, . .
 Neuralink, , «» «» ,"
"{'id': None, 'name': 'Ixbt.com'}",Jin,"Tesla и GIGA Storage готовят гигантскую батарею для Европы: проект Green Turtle на 2,8 ГВт·ч",Новая система накопления энергии станет одним из крупнейших аккумуляторных комплексов в Европе и ключевым элементом энергосети,https://www.ixbt.com/news/2026/06/25/tesla-giga-storage-green-turtle-2-8.html,https://media.ixbt.site/1600x900/smart/https://www.ixbt.com/img/n1/news/2026/5/4/HLnZYToXgAA66yj_large.jpg,2026-06-25T04:55:00Z,"Tesla GIGA Storage Green Turtle .
 - (, ) 700 2,8 · (2800 ·). , 385 .
 Tesla : , , , . Megablock, . Megablock Megapack 3, .
 380 Elia TYNDP 2026, STEP . , .
, Green Turtle ."
"{'id': 'the-irish-times', 'name': 'The Irish Times'}",Richard Cantillon,Where Irish chief executives rank when it comes to pay in the United States,"Bosses of S&P 500-listed firms are all doing well, but they are all dwarfed by Elon Musk",https://www.irishtimes.com/business/work/2026/06/25/where-irish-chief-executives-rank-when-it-comes-to-pay-in-the-united-states/,https://www.irishtimes.com/resizer/v2/GNIVU7A2T5EBPPE5YTDFDHQSG4.jpg?smart=true&auth=eb83d213fe2b2897875b13a65805bf25e674a082dd828bf4b45254b3104d397b&width=1200&height=630,2026-06-25T04:49:00Z,"Cantillon has always marvelled at the amount of cash chief executives have handed to them.
For all the talk of Elon Musk becoming a trillionaire with the SpaceX listing, there are thousands of chief… [+2025 chars]"
"{'id': None, 'name': 'Fark.com'}",,"Tesla Launches New Model Of Explosions. ""Not even death can stop these idiots from giving us their money"" [Satire]","Tesla Launches New Model Of Explosions. ""Not even death can stop these idiots from giving us their money""",https://www.fark.com/comments/14110356/Tesla-Launches-New-Model-Of-Explosions-Not-even-death-can-stop-these-idiots-from-giving-us-their-money,https://usrimg-full.fark.net/4/4z/fark_4zYfi0No3Ks-iz0JnFpUGd5K5_Q.jpg?AWSAccessKeyId=JO3ELGV4BGLFW7Y3EZXN&Expires=1782705600&Signature=LQta7NTZ6a%2B%2FwShXYwPbB6STMCw%3D,2026-06-25T04:45:45Z,"<li>Links are submitted by members of the Fark community.
</li><li>When community members submit a link, they also write a custom headline for the story.
</li><li>Other Farkers comment on the links… [+177 chars]"
"{'id': None, 'name': 'Computerworld.dk'}",Frederik Therkildsen,Morgen-briefing: Undersøger dødsulykke med Tesla / Konkurrencerådet griber ind over for Meta / Tata-brud lækker Apple- og Tesla-dokumenter,Morgen-briefing: Undersøger dødsulykke med Tesla. Konkurrencerådet griber ind over for Meta. Tata-brud lækker Apple- og Tesla-dokumenter. Borger.dk får sin største makeover siden 2013,https://www.computerworld.dk/art/296045/morgen-briefing-undersoeger-doedsulykke-med-tesla-konkurrenceraadet-griber-ind-over-for-meta-tata-brud-laekker-apple-og-tesla-dokumenter,https://www.computerworld.dk/fil/194233?width=1200&height=630&focus=1,2026-06-25T04:40:00Z,"Annonceindlæg tema
Fra effektivisering til digital suverænitet. Hvordan skaber det offentlige en digital fremtid med AI, sikkerhed og kontrol i centrum?
Godmorgen.
Velkommen til torsdagens overfly… [+5347 chars]"
"{'id': None, 'name': 'Leblogauto.com'}",François Tessier,Tesla FSD en Europe : la Suède met la pression,"La Suède s’oppose au déploiement européen du FSD de Tesla, invoquant le dépassement des limitations de vitesse. Le déploiement du système de conduite autonome supervisée de Tesla en Europe se retrouve au centre d’un débat réglementaire majeur. L’Administratio…",https://www.leblogauto.com/actualites/tesla-fsd-en-europe-la-suede-met-la-pression/,https://www.leblogauto.com/wp-content/uploads/2026/06/Screenshot-2026-06-19-10.22.21-1.png,2026-06-25T04:17:00Z,"La Suède soppose au déploiement européen du FSD de Tesla, invoquant le dépassement des limitations de vitesse.
DERNIÈRES VIDÉOS LE BLOG AUTO
Le déploiement du système de conduite autonome supervisé… [+6785 chars]"
"{'id': None, 'name': 'Interia.pl'}",Mirosław Domagała,Mocny wzrost sprzedaży aut elektrycznych. To najchętniej kupowane modele,"Sprzedaż samochodów elektrycznych w Europie przyspiesza. Najnowsze dane pokazują, że popyt na auta z napędem elektrycznym rośnie znacznie szybciej niż przed rokiem. Liderem zestawienia najchętniej kupowanych aut na prąd pozostaje Tesla Model Y, ale coraz więk…","https://motoryzacja.interia.pl/auta-elektryczne/news-mocny-wzrost-sprzedazy-aut-elektrycznych-to-najchetniej-kupo,nId,23504441",https://i.iplsc.com/-/000HY5ZDE20WK51Q-C461.jpg,2026-06-25T04:00:01Z,"Spis treci:
<ol><li>Samochody Tesli wci najchtniej kupowane
</li><li>Skoda Elroq i Renault 5 E-Tech zaskoczyy rynek
</li><li>Nie wszystkie modele ciesz si popularnoci
</li><li>Mercedes CLA wystrz… [+4011 chars]"
"{'id': None, 'name': 'Www.nrc.nl'}",Wouter van Noort,Is dit dan die potentiële Europese ‘AI-kampioen’? Nijmeegse ondernemer krijgt mega-investering van onder meer Jeff Bezos,"Kunstmatige intelligentie: General Intuition wordt door een grote nieuwe investering gewaardeerd op 2,3 miljard dollar. De start-up bouwt modellen waarmee robots in de echte wereld leren bewegen. „Dit wordt de volgende generatie van AI.”",https://www.nrc.nl/nieuws/2026/06/25/is-dit-dan-die-potentiele-europese-ai-kampioennijmeegse-ondernemer-krijgt-mega-investering-van-onder-meer-jeff-bezos-a4930907,https://images.nrc.nl/lKRqLeXldD7DQf-rrbqXPzvPC0E=/1200x627/smart/filters:no_upscale()/s3/static.nrc.nl/wp-content/uploads/2026/06/24134412/250626ECO_2034710769_pim.jpg,2026-06-25T04:00:00Z,Wat doe je om te vieren dat je bedrijf net een paar miljard waard is geworden? AI-ondernemer Pim de Witte weet wel hoe je een feestje bouwt: Meteen zoveel mogelijk GPUs kopen. Het eerste wat hij deed… [+8160 chars]
"{'id': None, 'name': 'Blessthisstuff.com'}",Bless This Stuff,Slate Auto Electric Truck,"The most affordable truck in America is electric, starts at $24,950, and strips away everything you don't need so you can add back only what you do. The Slate Truck is backed by Amazon, built in Indiana, and has over 180,000 reservations from people who decid…",https://www.blessthisstuff.com/stuff/vehicles/cars/slate-auto-electric-truck/,https://www.blessthisstuff.com/imagens/stuff/slate-auto-electric-truck.jpg,2026-06-25T04:00:00Z,"The most affordable truck in America is electric, starts at $24,950, and strips away everything you don't need so you can add back only what you do. The Slate Truck is backed by Amazon, built in Indi… [+2630 chars]"
"{'id': 'globo', 'name': 'Globo'}",,"Honda, Nissan e Mitsubishi negociam padronizar componente eletrônico para reduzir custos","Honda, Nissan e Mitsubishi entraram em negociações finais para a padronização das unidades de controle eletrônico (ECUs) de seus futuros veículos, segundo apurou o “Nikkei Asia”.

As montadoras japonesas pretendem desenvolver carros com preços competitivos po…",https://valor.globo.com/empresas/noticia/2026/06/25/honda-nissan-e-mitsubishi-negociam-padronizar-componente-eletrnico-para-reduzir-custos.ghtml,https://s2-valor.glbimg.com/Oz53_Y4uQOZ4zTFQ0SP6GOuRYgM=/1200x/smart/filters:cover():strip_icc()/i.s3.glbimg.com/v1/AUTH_63b422c2caee4269b8b34177e8876b93/internal_photos/bs/2024/Q/R/glk1R8RemUAaWm2Snr7Q/whatsapp-image-2024-12-23-at-14.42.07.jpeg,2026-06-25T03:51:15Z,"Honda, Nissan e Mitsubishi entraram em negociações finais para a padronização das unidades de controle eletrônico (ECUs) de seus futuros veículos, segundo apurou o Nikkei Asia.
 As montadoras japone… [+2525 chars]"
"{'id': None, 'name': 'Autobild.de'}",AUTO BILD,Die besten Elektroautos: Warum der Skoda Elroq der Maßstab ist,Alltagstaugliches Raumangebot und fairer Preis: Der Skoda Elroq sichert sich die AUTO BILD-Krone bei den E-Autos bis 45.000 Euro. Auf den Plätzen bildet sich die ganze Vielfalt des Angebots ab.,https://www.autobild.de/rankings/auto-bild-bestenliste-elektroautos-bis-45.000-euro-28530527.html,https://i.auto-bild.de/ir_img/4/0/3/9/9/7/9/Skoda-Elroq-85-2869-2400x1348-0140195800c587fc.jpg?impolicy=og_images,2026-06-25T03:35:00Z,"Inhaltsverzeichnis öffnen 
Fast jeder fünfte Neuwagen hierzulande summte im letzten Jahr als E-Auto aus dem Showroom (Anteil BEV an den Pkw-Neuzulassungen 19,1 Prozent). Und inzwischen finden sich d… [+5162 chars]"
"{'id': None, 'name': 'Mail.ru'}",Ирина Пятина,Аутодафе-2030: каковы шансы Volkswagen Group на перерождение в огне сокращений,"К 2030 году концерн Volkswagen (VW) снизит производство на 1 млн автомобилей. В совете директоров VW считают, что автогигант находится в угрожающем его существованию положении. Тем временем топ-менеджмент декларирует цель — стать «самым привлекательным автопр…",https://news.mail.ru/economics/71396162/,https://news.mail.ru/social_preview/71396162/?time=2626788ff0130b22932d79daf1e3658f,2026-06-25T03:01:12Z,"«  », — Volkswagen Group   18  2026 .       2025  28,4%, €1,56 .   2025  —  41%.
  ,   — 2026 1,95  (  7% ,   )   2,16 .      — 20%   9% .   (+3%),   (+7%)    (+1%).
  2026  19 . ,   .  28 .  2030 … [+1302 chars]"
"{'id': None, 'name': 'Www.e15.cz'}",Jiří Liebreich,"Volkswagen propouští, Škoda vydělává, ale jak dlouho? Elektromobily míchají kartami","Škoda Auto se zařadila k nejvýdělečnějším automobilkám nejen ve svém segmentu. 
Úspěch opřela především o spalovací vozy, největší marže generovala hlavně na velkých SUV. 
Teď ji čeká náročný úkol: vydělávat stejnou měrou i na elektromobilech.",https://www.e15.cz/byznys/cesky-a-evropsky-autoprumysl/volkswagen-propousti-skoda-vydelava-ale-jak-dlouho-elektromobily-michaji-kartami-1433818,https://1884403144.rsc.cdn77.org/foto/skoda-peaq-skoda-peaq/MTIwMHg2MzAvZmlsdGVyczpub191cHNjYWxlKDEpOndhdGVybWFyayhodHRwczovL2ltZy5jbmNlbnRlci5jei9kaXN0L2Fzc2V0cy9lMTUvd2F0ZXJtYXJrLWUxNS5wbmcsLTEwLDEwLDApL2ltZw/9886258.jpg?v=0&st=xOcYT2EcDx89YMetC7rhWTtQCCcG-Eq4QDXeaBJrsrQ&ts=1600812000&e=0,2026-06-25T03:00:00Z,"Úspn vykroila do éry elektrické, nejnáronjí úkol ale kodu Auto teprve eká. Mladoboleslavská automobilka má za sebou runé dny. V úterý odprezentovala svtu svj dosud nejvtí a nejdraí model Peaq, ped ms… [+4675 chars]"
"{'id': None, 'name': 'Lavozdegalicia.es'}",luis carlos llera,Faltan conductores de taxi en Vigo: pólizas de hasta 5.400 euros frenan las contrataciones,Los profesionales del sector culpan a los seguros del déficit de coches en algunas franjas horarias,https://www.lavozdegalicia.es/noticia/vigo/vigo/2026/06/25/faltan-conductores-taxi-vigo-polizas-5400-euros-frenan-contrataciones/0003_202606V25C1991.htm,https://img.lavdg.com/sc/CLnPwSwbZjm-0GjLOhTE1QU8qZ8=/1280x/2026/06/24/00121782318782378444719/Foto/VJ25C1F1_183128.jpg,2026-06-25T03:00:00Z,La Cooperativa de Taxis de Vigo constata que la subida de los precios de los seguros está afectando al sector. Hay menos conductores disponibles para los turnos porque los profesionales con licencia … [+4975 chars]
"{'id': None, 'name': 'Slashdot.org'}",feedfeeder,Elon Musk loses trillionaire status after tech sell-off erases billions from fortune - Fox Business,Elon Musk loses trillionaire status after tech sell-off erases billions from fortuneFox Business Elon Musk loses trillionaire status as global tech rout hits SpaceXBBC Elon Musk loses trillionaire status as SpaceX and Tesla stock dropsThe Guardian SpaceX Stoc…,https://slashdot.org/firehose.pl?op=view&amp;id=184074178,,2026-06-25T02:32:35Z,The Fine Print: The following comments are owned by whoever posted them. We are not responsible for them in any way.
"{'id': 'next-big-future', 'name': 'Next Big Future'}",Brian Wang,Merging SpaceX and Tesla Will Win AGI and Make More Money for Tesla Investors,"SpaceX + xAI + Tesla to WIN AGI Not Robotaxi. AGI supremacy. 2. Why merge at all? Because AI is WAY BIGGER than Robotaxi. Merging creates:$140B+ combined cash for AI spending Frictionless capital allocation (no board votes, no transfer pricing, no negotiation…",https://www.nextbigfuture.com/2026/06/merging-spacex-and-tesla-will-win-agi-and-make-more-money-for-tesla-investors.html,https://nextbigfuture.s3.amazonaws.com/uploads/2026/06/Screenshot-2026-06-24-at-7.08.02-PM.jpg,2026-06-25T02:19:15Z,"SpaceX + xAI + Tesla to WIN AGI
Not Robotaxi. AGI supremacy.
2. Why merge at all?
Because AI is WAY BIGGER than Robotaxi.
Merging creates:$140B+ combined cash for AI spendingFrictionless capital … [+3325 chars]"
"{'id': None, 'name': 'Slickdeals.net'}",dealz4realz4realz,Prime Members: UGREEN Phone Holder for Tesla Model 3 and Y $16.15 & More + Free S&H,"*UGREEN GROUP LIMITED via Amazon* has *UGREEN Phone Holder for Tesla Model 3 and Y * [amazon.com]on *sale for $16.14*. Shipping is free w/ Prime or on orders +$35. 
 
_Also Available:_ 
*UGREEN Car...",https://slickdeals.net/f/19659834-ugreen-phone-holder-for-tesla-model-3-and-y-16-14-more-free-shipping,https://slickdeals.net/attachment/3/0/6/4/8/2/2/0/450x450/20758239.thumb,2026-06-25T02:13:22Z,"This collaborative space allows users to contribute additional information, tips, and insights to enhance the original deal post. Feel free to share your knowledge and help fellow shoppers make infor… [+26 chars]"
"{'id': None, 'name': 'Wwwhatsnew.com'}",Natalia Polo,Robot.com lanza el R-noid: el humanoide con ruedas que ya trabaja en restaurantes y almacenes sin prometer ciencia ficción,"La mayoría de los humanoides de 2026 viven en laboratorios, en vídeos cuidadosamente editados o en plantas piloto de coches de lujo. El R-noid de Robot.com no. Con menos de 40 unidades desplegadas en una docena de clientes reales, el robot lanzado el 22 de ju…",https://wwwhatsnew.com/2026/06/25/robot-com-r-noid-humanoide-ruedas-automate-2026/,https://wwwhatsnew.com/wp-content/uploads/2026/06/wwwhatsnew256.jpg,2026-06-25T02:00:52Z,"La mayoría de los humanoides de 2026 viven en laboratorios, en vídeos cuidadosamente editados o en plantas piloto de coches de lujo. El R-noid de Robot.com no. Con menos de 40 unidades desplegadas en… [+7327 chars]"
"{'id': None, 'name': 'Xataka.com.mx'}",Wilson Vega,En 12 días Elon Musk ha perdido su más reciente título: ya no es el primer billonario del planeta,"Elon Musk perdió -es de suponer que temporalmente- su título de billonario, según el índice de multimillonarios de Bloomberg. Una ola de ventas en mercados globales llevó a las acciones de SpaceX a registrar una fuerte caída y a la fortuna del CEO de Tesla a …",https://www.xataka.com.mx/empresas-y-economia/12-dias-elon-musk-ha-perdido-su-reciente-titulo-no-primer-billonario-planeta,https://i.blogs.es/10bc82/musk/840_560.jpeg,2026-06-25T01:42:21Z,"Elon Musk perdió -es de suponer que temporalmente- su título de billonario, según el índice de multimillonarios de Bloomberg. Una ola de ventas en mercados globales llevó a las acciones de SpaceX a r… [+5252 chars]"
"{'id': None, 'name': 'Technews.tw'}",中央社,SpaceX 賣壓湧現，馬斯克從全球首位兆元富豪寶座跌落,"英國《獨立報》報導，馬斯克（Elon Musk）在成為全球首位兆元（美元）富豪寫下歷史後，不到兩週時間，隨著 SpaceX 與特斯拉股票賣壓湧現，其身家如今已跌回 1 兆美元以下。

根據彭博億萬富翁指數（Bloomberg Billionaires Index），馬斯克在短暫成為史上唯一身家達「13位數」的兆元富豪後，如今其淨資產已跌至9,570億美元左右。

馬斯克旗下太空探索科技公司（SpaceX）在6月12日重量級上市，投資人熱情推動該公司估值超過2兆美元，使得馬斯克成為全球首位兆元富豪，身家一度達1…",https://finance.technews.tw/2026/06/25/spacex-selling-pressure-elon-musk-drops-worlds-first-trillionaire/,https://img.technews.tw/wp-content/uploads/2024/09/10090654/shutterstock_2318800287.jpg,2026-06-25T01:10:00Z,"Elon Musk SpaceX 1 
Bloomberg Billionaires Index139,570
SpaceX61221.1
SpaceX
SpaceXAITesla225.8%
AJ BellDanni Hewson
shutterstock"
"{'id': None, 'name': 'Thoughtcatalog.com'}",Holden Desalles,"Spacex Got the Worst Possible Environmental Grade Right Before Its IPO, Putting It in the Same Tier MSCI Gave Putin’s Russia After It Invaded Ukraine","Elon Musk’s response to SpaceX getting the lowest possible ESG rating: “Unfortunately, electric rockets are impossible.” The grade came down one day before SpaceX’s IPO, courtesy of MSCI, the global index provider whose Environmental, Social, and Governance s…",https://thoughtcatalog.com/holden-desalles/2026/06/spacex-got-the-worst-possible-environmental-grade-right-before-its-ipo-putting-it-in-the-same-tier-msci-gave-putins-russia-after-it-invaded-ukraine/,https://thoughtcatalog.com/wp-content/uploads/2026/06/spacex-got-the-worst-possible-environmental-grade-right-before-its-ipo-putting-i.png?w=1536&h=768&crop=1,2026-06-25T00:54:51Z,"Elon Musk’s response to SpaceX getting the lowest possible ESG rating: “Unfortunately, electric rockets are impossible.”
The grade came down one day before SpaceX’s IPO, courtesy of MSCI, the global… [+2099 chars]"
"{'id': None, 'name': 'El Financiero'}",Bloomberg / Peter Coy,Los años veinte fueron de auge tras la pandemia… y ojalá pase de nuevo,Los años veinte fueron de auge tras la pandemia… y ojalá pase de nuevo,https://www.elfinanciero.com.mx/bloomberg-businessweek/los-anos-veinte-fueron-de-auge-tras-la-pandemia-y-ojala-pase-de-nuevo/,https://www.elfinanciero.com.mx/resizer/v2/P2SVAGIUTGHBYEWIH4SRIYYYIQ.jpg?smart=true&auth=1d8d918ebd62aa21b192e51b2dc38e6be414f17ff7c96846c9bd760b8d649ef5&width=1200&height=630,2026-06-25T00:54:41Z,"Hacía frío y algo de viento, de pie frente al Capitolio, el recién investido presidente pidió ""una nueva unidad de espíritu y propósito"" para articular a una nación sacudida por la pandemia y el alto… [+16777 chars]"
"{'id': None, 'name': 'Crypto Briefing'}",Editorial Team,SpaceX executes massive IPO and explores merger with Tesla amid AI ambitions,"SpaceX's IPO and potential Tesla merger highlight the evolving landscape of tech giants leveraging AI, posing both growth opportunities and market risks.
The post SpaceX executes massive IPO and explores merger with Tesla amid AI ambitions appeared first on C…",https://cryptobriefing.com/spacex-ipo-tesla-merger-ai-ambitions/,https://static.cryptobriefing.com/wp-content/uploads/2026/06/24203524/the-spacex-falcon-9-rocket-booster-is-seen-just-seconds-befo-78-800x420.jpeg,2026-06-25T00:35:32Z,"SpaceX raised $75 billion at $135 per share on Nasdaq, briefly crossing a $2 trillion market cap before a sharp pullback triggered fresh questions about a potential Tesla merger The world’s most anti… [+2223 chars]"
"{'id': None, 'name': 'Tinhte.vn'}","no-reply@tinhte.vn (cuhiep), cuhiep",Elon Musk đã mất danh hiệu tỉ phú nghìn tỉ (trillionaire) chỉ sau hơn một tuần trở thành người...,"Elon Musk đã mất danh hiệu tỉ phú nghìn tỉ (trillionaire) chỉ sau hơn một tuần trở thành người đầu tiên trên thế giới đạt mốc này. Theo Bloomberg Billionaires Index, tài sản ròng của ông giảm xuống còn khoảng 957 tỷ USD tính đến ngày 24/6/2026.",https://tinhte.vn/thread/elon-musk-da-mat-danh-hieu-ti-phu-nghin-ti-trillionaire-chi-sau-hon-mot-tuan-tro-thanh-nguoi.4155112/,https://photo2.tinhte.vn/data/attachment-files/2026/06/9048617_elonmusk.jpg,2026-06-24T23:58:56Z,"Elon Musk ã mt danh hiu t phú nghìn t (trillionaire) ch sau hn mt tun tr thành ngi u tiên trên th gii t mc này. Theo Bloomberg Billionaires Index, tài sn ròng ca ông gim xung còn khong 957 t USD tính… [+830 chars]"
"{'id': None, 'name': 'Digitimes'}",DIGITIMES,SK Group to meet Tesla and SpaceX leadership to pursue AI-infrastructure and memory partnerships,"SK Group chairman Chey Tae-won is planning to meet Tesla and SpaceX leadership in the US at the end of June 2026 to advance cooperation on next-generation AI infrastructure, memory supply, and data-center projects, South Korean outlet Ddaily reported, citing …",https://www.digitimes.com/news/a20260624PD234/sk-group-spacex-tesla-xai.html,https://img.digitimes.com/newsshow/20260624pd234_files/1_2b.jpg,2026-06-24T23:51:07Z,"SK Group chairman Chey Tae-won is planning to meet Tesla and SpaceX leadership in the US at the end of June 2026 to advance cooperation on next-generation AI infrastructure, memory supply, and data-c… [+44 chars]"
"{'id': None, 'name': 'Biztoc.com'}",finance.yahoo.com,Is Tesla Stock Better Than SpaceX? The Answer Might Surprise You,"Space Exploration Technologies (NASDAQ: SPCX) successfully executed one of the largest IPOs in history on June 12. Even after a the stock tumbled this week, SpaceX's valuation is more than Tesla (NASDAQ: TSLA), another trillion-dollar business led by Elon Mus…",https://biztoc.com/x/0d3133684a2b73cf,https://biztoc.com/cdn/0d3133684a2b73cf_s.webp,2026-06-24T23:38:04Z,"Space Exploration Technologies (NASDAQ: SPCX) successfully executed one of the largest IPOs in history on June 12. Even after a the stock tumbled this week, SpaceX's valuation is more than Tesla (NAS… [+150 chars]"
"{'id': None, 'name': 'Biztoc.com'}",bbc.co.uk,Texas family sues Tesla over fatal crash into home,"Published
A Texas woman is suing Tesla and a driver for at least $1m (£759,000) in damages after one of the electric vehicles crashed into her family home, killing her mother
Jennifer Barbour filed her lawsuit in a local court on Tuesday, just days after her …",https://biztoc.com/x/7c0bd179c77e9cf1,https://biztoc.com/cdn/7c0bd179c77e9cf1_s.webp,2026-06-24T23:20:08Z,"PublishedA Texas woman is suing Tesla and a driver for at least $1m (£759,000) in damages after one of the electric vehicles crashed into her family home, killing her motherJennifer Barbour filed her… [+138 chars]"
"{'id': None, 'name': 'Slashdot.org'}",BeauHD,"Slate Auto's Radically Simple Electric Truck Starts At $24,950","Slate Auto says its stripped-down electric pickup will start at $24,950 before fees, with the base model's estimated range increased from 150 to about 205 miles. The company has started taking preorders on Wednesday. ""The aggressive pricing -- half the averag…",https://tech.slashdot.org/story/26/06/24/2113207/slate-autos-radically-simple-electric-truck-starts-at-24950,https://a.fsdn.com/sd/topics/transportation_64.png,2026-06-24T23:00:00Z,"The price reveal comes more than a year after Slate Auto emerged from stealth. Since then, the company has been steadily detailing the extremely basic, transforming EV, which starts as a two-seater p… [+1032 chars]"
"{'id': None, 'name': 'Bringatrailer.com'}",bringatrailer,1966 Fiat 500F EV Conversion,"This 1966 Fiat 500F underwent a repaint in beige as well as an interior re-trim in brown vinyl with ivory accents as part of a refurbishment completed in Italy. Chassis 110F1107945 was sold on BaT in May 2019 and later brought to the US, where it underwent an…",https://bringatrailer.com/listing/1966-fiat-500f-4/,https://bringatrailer.com/wp-content/uploads/2025/05/IMG_8676-copy-2026-06-23-7qn-36063-scaled.jpeg,2026-06-24T22:50:13Z,This 1966 Fiat 500F underwent a repaint in beige as well as an interior re-trim in brown vinyl with ivory accents as part of a refurbishment completed in Italy. Chassis 110F1107945 was sold on BaT in… [+2674 chars]
"{'id': 'bbc-news', 'name': 'BBC News'}",https://www.facebook.com/bbcnews,Texas family sues Tesla over fatal crash into home,A woman in her 70s was killed after a Tesla crashed directly into the family’s home.,https://www.bbc.co.uk/news/articles/c8x2rzke05yo,https://ichef.bbci.co.uk/ace/branded_news/1200/cpsprodpb/14c8/live/fcfc06d0-7017-11f1-9ca7-8b09da4b9ec2.jpg,2026-06-24T22:33:56Z,"A Texas woman is suing Tesla and a driver for at least $1m (£759,000) in damages after one of the electric vehicles crashed into her family home, killing her mother
Jennifer Barbour filed her lawsui… [+2262 chars]"
"{'id': None, 'name': 'Biztoc.com'}",finance.yahoo.com,"Stock Market Today, June 24: Sunrun Jumps After Announcing Deal With Tesla and Renew Home for 16 Gigawatts of Flexible Power","Stock Market Today, June 24: Sunrun Jumps After Announcing Deal With Tesla and Renew Home for 16 Gigawatts of Flexible Power
Sunrun (NASDAQ:RUN), a residential solar and battery subscription services provider, closed at $14.41, up 12.53%. Sunrun rose after an…",https://biztoc.com/x/6be9bce9e8b5d94b,https://biztoc.com/cdn/6be9bce9e8b5d94b_s.webp,2026-06-24T22:21:48Z,"Stock Market Today, June 24: Sunrun Jumps After Announcing Deal With Tesla and Renew Home for 16 Gigawatts of Flexible PowerSunrun (NASDAQ:RUN), a residential solar and battery subscription services … [+142 chars]"
"{'id': None, 'name': 'Biztoc.com'}",finance.yahoo.com,"Shares Skyrocket, What You Need To Know","What Happened?
Shares of residential solar energy company Sunrun (NASDAQ:RUN) jumped 19.2% in the afternoon session after the company announced a partnership with Tesla and Renew Home to provide more than 16 gigawatts of flexible energy capacity to utilities …",https://biztoc.com/x/400a8ada0440b1f3,https://biztoc.com/cdn/400a8ada0440b1f3_s.webp,2026-06-24T22:06:33Z,What Happened?Shares of residential solar energy company Sunrun (NASDAQ:RUN) jumped 19.2% in the afternoon session after the company announced a partnership with Tesla and Renew Home to provide more … [+151 chars]
"{'id': None, 'name': 'OilPrice.com'}",Tsvetana Paraskova,Global Battery Storage Boom Is A Boon for Tesla,"Global battery storage installations are booming, and so is Tesla’s utility-scale battery business. Tesla has just signed a multi-year supply and execution agreement with clean energy infrastructure provider NatPower for more than 25 gigawatt-hours (GWh) of b…",https://oilprice.com/Energy/Energy-General/Global-Battery-Storage-Boom-Is-A-Boon-for-Tesla.html,https://d32r1sh890xpii.cloudfront.net/article/1200x675/2026-06-24_tibovkugnq.jpg,2026-06-24T22:00:00Z,"One small company quietly built…
The U.S. federal government will…
Azerbaijan and Turkmenistan signed a…
Set us as your preferred Google source
By Tsvetana Paraskova - Jun 24, 2026, 5:00 PM CDTGl… [+4518 chars]"
"{'id': 'techcrunch', 'name': 'TechCrunch'}",Marina Temkin,"AI was supposed to kill engineering jobs, but new data suggests they're the most resilient | TechCrunch","While AI dominates the layoff narrative, engineers are actually making up a larger share of new hires, according to SignalFire data.",https://techcrunch.com/2026/06/24/ai-was-supposed-to-kill-engineering-jobs-but-new-data-suggests-theyre-the-most-resilient/,"https://techcrunch.com/wp-content/uploads/2022/01/GettyImages-1250956868.jpg?resize=1200,800",2026-06-24T21:56:41Z,"Whether AI is already replacing jobs is the subject of fierce debate.
Tech layoffs hit their highest single month total in years in May, and AI was the most-cited reason, according to outplacement f… [+3740 chars]"
"{'id': None, 'name': 'Latercera.com'}",Valeria Vega,Elon Musk deja de ser billonario tras caída en acciones se Space X y Tesla,"Las bajas se dan en medio de caídas mundiales en tecnológicas, aunque sigue siendo el hombre más rico del mundo.",https://www.latercera.com/pulso/noticia/elon-musk-deja-de-ser-billonario-tras-caida-en-acciones-se-space-x-y-tesla/,https://www.latercera.com/resizer/v2/TSN2A4JNESM7SKXXHP4YUKYCB4.jpg?auth=56a70d54519f2ae1bffed394060d90b3df01cad4255ebfecc2c502e4f17effc7&height=630&width=1200&smart=true,2026-06-24T21:54:25Z,"A menos de dos semanas del exitoso debut en bolsa de Space X, la caída en el precio de las acciones de dos de las empresas controladas por Elon Musk le han costado pérdidas por miles de millones de d… [+1827 chars]"
"{'id': None, 'name': 'Readponder.com'}",,A Tesla Crashed Through a Harris County Home. Is the Car to Blame?,Self-driving technologies are on the rise. We break down their capabilities—and what it means when they cause harm.…,https://www.readponder.com/essay/a-tesla-crashed-through-a-harris-county-home-is-the-car-to-blame,https://img.texasmonthly.com/2026/06/assistive-driver-tech-autonomous-vehicles-explainer.jpg?auto=compress&crop=faces&fit=fit&fm=pjpg&ixlib=php-3.3.1&q=45,2026-06-24T21:16:31Z,"""Self-driving technologies are on the rise. We break down their capabilitiesand what it means when they cause harm."""
"{'id': None, 'name': 'Biztoc.com'}",theguardian.com,Elon Musk loses trillionaire status as SpaceX and Tesla stock drops,"Elon Musk was no longer a trillionaire by the time markets closed on Wednesday. Plunging shares in Tesla and SpaceX dragged the tech magnate down to billionaire status. As of 4pm ET, Forbes listed Musk’s net worth as $970.2bn.
Musk reached trillionaire status…",https://biztoc.com/x/4f1216b90d2a7d33,https://biztoc.com/cdn/4f1216b90d2a7d33_s.webp,2026-06-24T21:04:34Z,"Elon Musk was no longer a trillionaire by the time markets closed on Wednesday. Plunging shares in Tesla and SpaceX dragged the tech magnate down to billionaire status. As of 4pm ET, Forbes listed Mu… [+151 chars]"
"{'id': None, 'name': 'Biztoc.com'}",barchart.com,"RUN Stock Pops as Sunrun Teams Up With Tesla, Renew Home on Data Centers","shares soared on Wednesday after the residential solar firm announced a framework agreement with Tesla (TSLA) and Renew Home to aggregate more than 16 GW of flexible energy capacity for hyperscalers and utilities.
The partnership pools hundreds of thousands o…",https://biztoc.com/x/47571f3d5364af4d,https://biztoc.com/cdn/47571f3d5364af4d_s.webp,2026-06-24T21:03:34Z,shares soared on Wednesday after the residential solar firm announced a framework agreement with Tesla (TSLA) and Renew Home to aggregate more than 16 GW of flexible energy capacity for hyperscalers … [+139 chars]
"{'id': 'business-insider', 'name': 'Business Insider'}",Rya Jetha,Humanoid robot startup Agility Robotics is going public at a $2.5 billion valuation via a SPAC,"Agility Robotics aims to go public via a $2.5 billion SPAC merger, focusing on expanding its humanoid Digit robots.",https://www.businessinsider.com/agility-robotics-spac-merger-go-public-2-5-b-valuation-2026-6#article,https://i.insider.com/6a3c3672360acd489560a8c8?width=1200&format=jpeg,2026-06-24T21:00:52Z,"Agility Robotics' humanoid Digit.Bloomberg/Getty Images
<ul><li>Agility Robotics plans to go public via a SPAC at a $2.5 billion valuation.</li><li>Agility has deployed Digit robots at Amazon, Toyot… [+4438 chars]"
"{'id': None, 'name': 'Ixbt.com'}",Dexter,Бензин — всё? Электромобили впервые обогнали бензиновые машины по продажам в Европе,Бензин сдает позиции,https://www.ixbt.com/news/2026/06/24/benzin--vsjo-jelektromobili-vpervye-obognali-benzinovye-mashiny-po-prodazham-v-evrope.html,https://media.ixbt.site/1600x900/smart/https://www.ixbt.com/img/n1/news/2026/5/4/Model-Y-Performance-Hero-Desktop-NA%20copy_large.jpg,2026-06-24T20:58:00Z,". 2026 (BEV) , (, , , ) 23,3%, 21,7%.
 1,15 3,6% , .
 - 2026 37,8%. 22,4% , 20% ( 21,4% ), 9,7%.
 . 75,7% , 55,4% 40,9% .
 . 18,2%, 16,6%.
 Tesla. Tesla Model Y : 68% 17 183 . Tesla Model 3, 956… [+207 chars]"
"{'id': None, 'name': 'Biztoc.com'}",bizjournals.com,"Daily Digest: Sunrun stock rises on Tesla data center deal, Oracle cut 21K jobs over past year","Preview this article 1 min
Meanwhile, San Francisco fintech SoFi has acquired an AI trading startup.
Preview this article 1 min
Meanwhile, San Francisco fintech SoFi has acquired an AI trading startup.
Corridors: The Opportunity Along I-80
Innovation and Incl…",https://biztoc.com/x/045e73e8c8b59cfd,https://biztoc.com/cdn/045e73e8c8b59cfd_s.webp,2026-06-24T20:47:29Z,"Preview this article 1 minMeanwhile, San Francisco fintech SoFi has acquired an AI trading startup.Preview this article 1 minMeanwhile, San Francisco fintech SoFi has acquired an AI trading startup.C… [+142 chars]"
"{'id': 'al-jazeera-english', 'name': 'Al Jazeera English'}",Al Jazeera,"Family sues Tesla for wrongful death in Autopilot crash in Texas, US",Lawsuit claims Tesla's Autopilot shortcomings led to fatal crash; family seeks $1m in damages and punitive measures.,https://www.aljazeera.com/economy/2026/6/24/family-sues-tesla-for-wrongful-death-in-autopilot-crash-in-texas-us,https://www.aljazeera.com/wp-content/uploads/2026/06/reuters_6a3c303e-1782329406.jpg?resize=1920%2C1440,2026-06-24T20:44:37Z,"The family of a Texas woman who was killed has filed a lawsuit against Tesla after a driver using a Model 3s automated driving assistance system crashed into a suburban Houston home last week.
The c… [+2854 chars]"
"{'id': None, 'name': 'El Financiero'}",,Una demanda más para Tesla: Una mujer falleció luego de que el auto se estrellara en su casa,"Justin Barbour, yerno de Ávila, también resultó herido en el accidente del auto eléctrico Tesla.",https://www.elfinanciero.com.mx/mundo/2026/06/24/una-demanda-mas-para-tesla-una-mujer-fallecio-luego-de-que-el-auto-se-estrellara-en-su-casa/,https://www.elfinanciero.com.mx/resizer/v2/YVXORJEOVBEPXN4BOXCSRXNVPE.jpeg?smart=true&auth=1c093a229102db0dbb53125b60eb3ad4e0e22d14f85233cf23c12788c485b566&width=1200&height=630,2026-06-24T20:33:42Z,"Tesla fue demandada por la familia de una mujer de 76 años que murió después de que un sedán Model 3, que supuestamente utilizaba un software de asistencia al conductor, se estrellara contra su casa … [+2091 chars]"
"{'id': None, 'name': 'Xataka.com'}",Javier Marquez,Los robots humanoides chinos despiertan cada vez más interés: Morgan Stanley casi ha duplicado sus previsiones de envíos para 2026,"Cuando pensamos en robots humanoides, es fácil que el primer nombre que aparezca sea Optimus. Tesla ha conseguido instalar su robot en el imaginario tecnológico antes incluso de convertirlo en un producto que cualquiera pueda comprar. Pero ahí está precisamen…",https://www.xataka.com/robotica-e-ia/robots-humanoides-chinos-despiertan-cada-vez-interes-morgan-stanley-casi-ha-duplicado-sus-previsiones-envios-para-2026,https://i.blogs.es/2fca9c/ubtech-robots-china/840_560.jpeg,2026-06-24T20:30:06Z,"Cuando pensamos en robots humanoides, es fácil que el primer nombre que aparezca sea Optimus. Tesla ha conseguido instalar su robot en el imaginario tecnológico antes incluso de convertirlo en un pro… [+3136 chars]"
"{'id': None, 'name': 'Diariobitcoin.com'}",Canuto,Crece el pesimismo sobre SpaceX: interés bajista alcanza el 13% de sus acciones,"La corrección bursátil de SpaceX ya no parece una simple toma de ganancias. El rápido aumento del interés en corto, la caída de casi 30% desde máximos y las apuestas bajistas en opciones sugieren que parte del mercado espera un deterioro mayor para una de las…",https://www.diariobitcoin.com/mercados/crece-el-pesimismo-sobre-spacex-interes-bajista-alcanza-el-13-de-sus-acciones/,https://diariobitcoin.b-cdn.net/wp-content/uploads/2026/06/ChatGPT-spacex-caida.jpg,2026-06-24T20:18:10Z,"Por Canuto   La corrección bursátil de SpaceX ya no parece una simple toma de ganancias. El rápido aumento del interés en corto, la caída de casi 30% desde máximos y las apuestas bajistas en opciones… [+10552 chars]"
"{'id': None, 'name': 'Abertoatedemadrugada.com'}",Carlos Martins,Pickup Slate começa nos $24.950,A Slate Auto revelou finalmente o preço da sua pickup eléctrica que quer revolucionar o mercado dos EV acessíveis.,https://abertoatedemadrugada.com/2026/06/pickup-slate-comeca-nos-24950.html,https://blogger.googleusercontent.com/img/b/R29vZ2xl/AVvXsEjdkf0drbDwoALN0EBWazdCJaisicjzOYyHvOOIHHw0mptthVoumJaR8YtYlkD9ryc9ovHmI_n_voTTQ1Tl2mTslecC7ao6otxeHwvufN2oWOh8U0_gV6Hu2gHxfkiuCDQF6lEEKkR-XAKRNvzFewdPIUhdcnztKBXZtjabLwbiKGE6hczCiFCeRB4xvBSh/w1200-h630-p-k-no-nu/SlateTruck.jpg,2026-06-24T20:00:00Z,"A Slate Auto revelou finalmente o preço da sua pickup eléctrica que quer revolucionar o mercado dos EV acessíveis.


A Slate Auto, startup de veículos eléctricos apoiada por Jeff Bezos, revelou final… [+2313 chars]"
"{'id': None, 'name': 'Biztoc.com'}",arstechnica.com,Elon Musk denies Tesla’s Autopilot caused crash that killed grandmother,"A few days after a Tesla plowed through a Texas home and killed a grandmother, the family sued the carmaker, alleging that the Model 3’s automated assist mode was defective.
In a complaint filed this week in Harris County District Court, Jennifer Barbour, the…",https://biztoc.com/x/2c6e66011367b892,https://biztoc.com/cdn/2c6e66011367b892_s.webp,2026-06-24T19:48:22Z,"A few days after a Tesla plowed through a Texas home and killed a grandmother, the family sued the carmaker, alleging that the Model 3s automated assist mode was defective.In a complaint filed this w… [+150 chars]"
"{'id': None, 'name': 'Electrek'}",Fred Lambert,"Tesla, Sunrun team up on 16 GW virtual power plant for data centers","Sunrun, Tesla, and Renew Home announced an agreement today to aggregate more than 16 gigawatts of home batteries, thermostats, and other devices into what they say would be the largest distributed power plant in the country, aimed squarely at the surging elec…",http://electrek.co/2026/06/24/tesla-sunrun-16gw-vpp-data-centers/,https://i0.wp.com/electrek.co/wp-content/uploads/sites/3/2026/06/Tesla-sunrun-virtual-power-plant-for-data-centers.png?resize=1200%2C628&quality=82&strip=all&ssl=1,2026-06-24T19:48:01Z,"Sunrun, Tesla, and Renew Home announced an agreement today to aggregate more than 16 gigawatts of home batteries, thermostats, and other devices into what they say would be the largest distributed po… [+6105 chars]"
"{'id': 'fortune', 'name': 'Fortune'}",Eva Roytburg,Elon Musk was the world’s first trillionaire for 12 days,The run ended due to falling SpaceX stock and a Forbes accounting change.,https://fortune.com/2026/06/24/elon-musk-no-longer-trillionaire-spacex-valuation/,"https://fortune.com/img-assets/wp-content/uploads/2026/06/GettyImages-2151277367-e1782328963139.jpg?resize=1200,600",2026-06-24T19:38:07Z,"Elon Musk, the worlds richest man, briefly held onto the title of being the worlds first and only trillionaire before his net worth was deflated back down to a more modest nine-figure amount. On June… [+2653 chars]"
"{'id': None, 'name': 'Fark.com'}",,"Insurance Institute for Highway Safety names Cybertruck ""safest pickup truck"". Tiny penis, great protection [Interesting]","Insurance Institute for Highway Safety names Cybertruck ""safest pickup truck"". Tiny penis, great protection",https://www.fark.com/comments/14110068/Insurance-Institute-for-Highway-Safety-names-Cybertruck-safest-pickup-truck-Tiny-penis-great-protection,https://usrimg-full.fark.net/R/Rp/fark_RpVBdb0U7MMtbSphFI3HADeC9OM.jpg?AWSAccessKeyId=JO3ELGV4BGLFW7Y3EZXN&Expires=1782705600&Signature=Axfvp4lwi8srfKF6ywdy9HSjPLE%3D,2026-06-24T19:36:00Z,"allears:Reads like a press release. I think this guy makes money off of the brand and his site. He sells Tesla accessories, and may well get some kind of kickback or perks from them. I've never seen … [+138 chars]"
"{'id': None, 'name': 'Biztoc.com'}",youtube.com,Elon Musk Is No Longer A Trillionaire,"A sink in SpaceX stocks by 31%, along with a restriction on Elon Musk's Tesla shares, brought his net worth back down to the ...",https://biztoc.com/x/b6ae4e1df091651a,https://biztoc.com/cdn/b6ae4e1df091651a_s.webp,2026-06-24T19:35:11Z,"A sink in SpaceX stocks by 31%, along with a restriction on Elon Musk's Tesla shares, brought his net worth back down to the ...
This story appeared on youtube.com, 2026-06-24 19:34:26."
"{'id': 'techcrunch', 'name': 'TechCrunch'}",Tim De Chant,Here’s why Slate changed the battery in its cheap EV truck | TechCrunch,"While there was probably a moment when Slate’s leadership had to green-light the switch from one battery type to another, the momentum toward that decision had been building for years.",https://techcrunch.com/2026/06/24/heres-why-slate-changed-the-battery-in-its-cheap-ev-truck/,"https://techcrunch.com/wp-content/uploads/2025/04/Inspo_Truck_web.jpg?resize=1200,800",2026-06-24T19:31:02Z,"Slate, maker of the stripped-down EV pickup truck, found another way to simplify its product: the battery.
When the startup revealed its starting price on Wednesday $24,950 before destination, taxes… [+3966 chars]"
"{'id': None, 'name': 'Biztoc.com'}",marketwatch.com,This solar stock is surging on the heels of a new Tesla deal,"Sunrun, a provider of home battery storage, is working with Tesla to meet the energy needs of AI data centers.",https://biztoc.com/x/48bc2240657eface,https://biztoc.com/cdn/995/og.png,2026-06-24T19:30:35Z,"Sunrun, a provider of home battery storage, is working with Tesla to meet the energy needs of AI data centers.
This story appeared on marketwatch.com, 2026-06-24 18:28:00."
"{'id': None, 'name': 'Medianewsgroup.com'}",Associated Press,Agility Robotics heads to Wall Street in a $2.5B bet on staffing warehouses with humanoids,Agility Robotics heads to Wall Street in a $2.5B bet on staffing warehouses with humanoidsbostonherald.com,https://wirehub.medianewsgroup.com/2026/06/24/agility-robotics-heads-to-wall-street-in-a-2-5b-bet-on-staffing-warehouses-with-humanoids/,https://www.bostonherald.com/wp-content/uploads/2026/06/Agility_Robotics_IPO__5817.jpg?w=1024&h=682,2026-06-24T19:22:53Z,"By MATT OBRIEN
A maker of humanlike robots that carry totes around warehouses is going public on Wall Street in a test of whether theres a market for putting AI-powered humanoid machines to work.
A… [+2012 chars]"
"{'id': None, 'name': 'Diariobitcoin.com'}",Canuto,Este inversionista tecnológico dice que prefiere apostar por IA y el espacio antes que Bitcoin,"El multimillonario Philippe Laffont afirmó que hoy le resulta más fácil apostar por el espacio y la inteligencia artificial que intentar proyectar dónde estará Bitcoin dentro de diez años. Sus comentarios llegan en un momento de debilidad para BTC, aunque el …",https://www.diariobitcoin.com/mercados/este-inversionista-tecnologico-dice-que-prefiere-apostar-por-el-espacio-y-la-ia-antes-que-bitcoin/,https://diariobitcoin.b-cdn.net/wp-content/uploads/2026/06/canuto-imagine-1782328528.jpg,2026-06-24T19:22:51Z,Por Canuto   El multimillonario Philippe Laffont afirmó que hoy le resulta más fácil apostar por el espacio y la IA que intentar proyectar dónde estará Bitcoin dentro de diez años. Sus comentarios ll… [+8988 chars]
"{'id': 't3n', 'name': 'T3n'}",Jörn Brien,Elon Musk verliert Billionärs-Status: So viel hat die SpaceX-Aktie seit dem IPO eingebüßt,"Knapp zwei Wochen, nachdem ihn der IPO seiner Weltraumfirma SpaceX zum ersten Billionär der jüngeren Menschheitsgeschichte gemacht hat, ist Elon Musk den Status auch schon wieder los. Grund sind Einbrüche bei der SpaceX- und der Tesla-Aktie. Am 12. Juni 2026 …",https://t3n.de/news/elon-musk-billionaer-spacex-1749414/,https://cdn.t3n.de/news/wp-content/uploads/2025/07/shutterstock_2613492649.jpg?class=content,2026-06-24T19:12:10Z,"Am 12. Juni 2026 hatte SpaceX bei seinem Börsendebüt 75 Milliarden US-Dollar erlöst und kam auf eine Marktkapitalisierung von 2,1 Billionen Dollar. SpaceX-Chef Elon Musk wurde über Nacht zum Billionä… [+2904 chars]"
"{'id': None, 'name': 'Olhardigital.com.br'}",Wagner Edwards,Família processa Tesla após carro autônomo deixar uma vítima fatal no Texas,"Família acusa falha em sistema de assistência do veículo; Tesla diz que motorista assumiu controle antes do acidente no Texas
O post Família processa Tesla após carro autônomo deixar uma vítima fatal no Texas apareceu primeiro em Olhar Digital.",https://olhardigital.com.br/2026/06/24/carros-e-tecnologia/familia-processa-tesla-apos-carro-autonomo-deixar-uma-vitima-fatal-no-texas/,https://olhardigital.com.br/wp-content/uploads/2025/11/tesla-julgamento.jpg,2026-06-24T19:00:48Z,"Uma ação judicial foi aberta no condado de Harris, no Texas, após a morte de uma mulher de 76 anos atingida quando um Tesla Model 3 invadiu uma residência em Katy na noite de 19 de junho. O veículo t… [+2502 chars]"
"{'id': None, 'name': 'Biztoc.com'}",tippinsights.com,Why Is Tesla Being Sued Over A Fatal Texas Autopilot Crash,"Tesla is facing a wrongful death lawsuit following a fatal crash in Texas that has renewed scrutiny of the company's Autopilot and Full Self-Driving driver-assistance technologies.
The lawsuit was filed by the family of 76-year-old Martha Avila, who died afte…",https://biztoc.com/x/2f8e03700fbb2825,https://biztoc.com/cdn/2f8e03700fbb2825_s.webp,2026-06-24T19:00:18Z,Tesla is facing a wrongful death lawsuit following a fatal crash in Texas that has renewed scrutiny of the company's Autopilot and Full Self-Driving driver-assistance technologies.The lawsuit was fil… [+146 chars]
"{'id': 'fortune', 'name': 'Fortune'}",Marco Quiroz-Gutierrez,CEO of $8 billion Flexport blasts remote work as ‘white-collar fraud’ and a ‘total fantasy’ for highly paid employees,"“The idea that I could do any work at my house is like a total fantasy,” said CEO Ryan Petersen.",https://fortune.com/2026/06/24/flexport-ceo-ryan-petersen-remote-work-comments-controversy-return-to-office/,"https://fortune.com/img-assets/wp-content/uploads/2026/06/GettyImages-1241483346-e1782326518821.jpg?resize=1200,600",2026-06-24T18:52:52Z,"The CEO of an $8 billion logistics company that thrived during the pandemic is reviving the debate about remote work with a controversial take that has some calling him out online.Ryan Petersen, the … [+4707 chars]"
"{'id': None, 'name': 'Yahoo Entertainment'}",Marco Quiroz-Gutierrez,CEO of $8 billion Flexport blasts remote work as ‘white-collar fraud’ and a ‘total fantasy’ for highly paid employees,"“The idea that I could do any work at my house is like a total fantasy,” said CEO Ryan Petersen.",https://finance.yahoo.com/small-business/articles/ceo-8-billion-flexport-blasts-185252343.html,https://s.yimg.com/lo/mysterio/api/6B55D44D308837C190CE821D34015B483E66DB83E1E1B0B6366193826B66EDB2/subgraphmysterio/resizefill_w1200_h756;quality_80;format_webp/https:%2F%2Fmedia.zenfs.com%2Fen%2Ffortune_175%2Ff46786e463d0e69fe99b8dd968168bb6,2026-06-24T18:52:52Z,"The CEO of an $8 billion logistics company that thrived during the pandemic is reviving the debate about remote work with a controversial take that has some calling him out online.
Ryan Petersen, th… [+4808 chars]"
"{'id': None, 'name': 'Catracalivre.com.br'}",Joaquim Luppi Fernandes,"Esse era um dos maiores problemas da Tesla, mas Elon Musk acaba de achar uma saída: criaram um sistema para aproveitar o calor do teto panorâmico de vidro capaz de baixar em até 21 graus Celsius a temperatura do carro","A nova patente desenvolvida pela Tesla apresenta um sistema inteligente de controle do fluxo de ar para reduzir o calor do teto de vidro.
O post Esse era um dos maiores problemas da Tesla, mas Elon Musk acaba de achar uma saída: criaram um sistema para aprove…",https://catracalivre.com.br/noticias/esse-era-um-dos-maiores-problemas-da-tesla-mas-elon-musk-acaba-de-achar-uma-saida-criaram-um-sistema-para-aproveitar-o-calor-do-teto-panoramico-de-vidro-capaz-de-baixar-em-ate-21-graus-celsius-a-tempe/,https://catracalivre.com.br/i/qOXe6fm5rAXRCbHRMcwflbqifPXCXjeumhfLIEIUHbs/rs:fill:1200:630:1/g:sm/q:80/bG9jYWw6Ly8vMjAyNi8wNi90ZXNsYS1tb2RlbC15LWVzdGFjaW9uYWRvLXNvYi0yMDI2MDYyMzE4MTAuanBlZw,2026-06-24T18:48:00Z,O conforto térmico em veículos modernos enfrenta grandes desafios sob o sol forte. A Tesla desenvolveu uma tecnologia inovadora para solucionar o superaquecimento causado pelo teto panorâmico de vidr… [+3494 chars]
"{'id': None, 'name': 'Biztoc.com'}",investors.com,Solar Stock Soars On Power Pact With Tesla For AI Data Centers,"The companies are combining to create what they called the largest distributed power plant in the country.
The post Solar Stock Soars On Power Pact With Tesla For AI Data Centers appeared first on Investor's Business Daily.",https://biztoc.com/x/a71b09d457c849bc,https://biztoc.com/cdn/995/og.png,2026-06-24T18:45:16Z,The companies are combining to create what they called the largest distributed power plant in the country.The post Solar Stock Soars On Power Pact With Tesla For AI Data Centers appeared first on Inv… [+82 chars]
"{'id': 'globo', 'name': 'Globo'}",,Tesla é processada por acidente fatal no Texas ligado a software de direção,"A Tesla foi processada pela família de uma pessoa de 76 anos do Texas que morreu na semana passada quando um motorista utilizando o sistema automatizado de assistência à condução de seu Model 3 colidiu contra sua casa em um subúrbio de Houston, informaram os …",https://valor.globo.com/empresas/noticia/2026/06/24/tesla-processada-por-acidente-fatal-no-texas-ligado-a-software-de-direo.ghtml,https://s2-valor.glbimg.com/UKgigmh3iZyWIy0ghuVDvdfX5OQ=/1200x/smart/filters:cover():strip_icc()/i.s3.glbimg.com/v1/AUTH_63b422c2caee4269b8b34177e8876b93/internal_photos/bs/2019/E/A/LPUBNWSw2UXqK0JQ3Nwg/teslamodel3.jpg,2026-06-24T18:40:14Z,A Tesla foi processada pela família de uma pessoa de 76 anos do Texas que morreu na semana passada quando um motorista utilizando o sistema automatizado de assistência à condução de seu Model 3 colid… [+2974 chars]
"{'id': None, 'name': 'Yahoo Entertainment'}",財訊快報,立凱-KY建廠因應特斯拉大單、明年7月出貨，2028年挑戰轉盈,【財訊快報／記者戴海茜報導】LFP鋰電池材料製造商立凱電(5227)董事長張聖時股東會後指出，透過在地授權和供應鏈佈局，直接協助歐美客戶建立合規的磷酸鐵鋰電池供應鏈，立凱電希望打掉重練，營收下降但虧損逐步縮小，今年盼快速縮小虧損，台灣新廠2027年1月試產、7月正式出貨，2028年將挑戰轉盈，目標重回北美第一大的願景。張聖時指出，股東會通過辦理私募，這次也辦理2.8億元現增，主要都是因應美國大客戶訂單要求，立凱電也將「打掉重練」重新建廠，預計下半年設廠進駐設備，2027年1月試產、7月正式交貨，主要以LFP鋰電池…,https://tw.stock.yahoo.com/news/%E7%AB%8B%E5%87%B1-ky%E5%BB%BA%E5%BB%A0%E5%9B%A0%E6%87%89%E7%89%B9%E6%96%AF%E6%8B%89%E5%A4%A7%E5%96%AE-%E6%98%8E%E5%B9%B47%E6%9C%88%E5%87%BA%E8%B2%A8-2028%E5%B9%B4%E6%8C%91%E6%88%B0%E8%BD%89%E7%9B%88-023530504.html,,2026-06-24T18:35:30Z,"LFP(5227)20271720282.8202717LFP
LFPTesla20272.52028202910
3202717
752028"
"{'id': 'la-nacion', 'name': 'La Nacion'}",LA NACION,"Vaca Muerta, tecnología y el fenómeno Messi: la ciudad que está desplazando a Miami como centro de atención de los argentinos",Cada vez son más las compañías que se instalan en esta ciudad y dejan de lado Miami; el boom que provoca la selección,https://www.lanacion.com.ar/economia/vaca-muerta-tecnologia-y-el-fenomeno-messi-la-ciudad-que-esta-desplazando-a-miami-como-centro-de-nid24062026/,https://www.lanacion.com.ar/resizer/v2/southlake-en-WB5FR2CBNNH43F3P3AEK2SWNCY.png?auth=78df3eabbe1b92a65ade69458ec7f65c1f7387e8d1947da4a37a4b519eea12e6&width=1200&height=800&quality=70&smart=true,2026-06-24T18:33:40Z,"DALLAS (enviado especial).- La zona metropolitana de Dallas-Fort Worth incluye también a Arlington, donde la selección argentina venció el lunes a Austria y donde volverá a jugar este sábado para cer… [+6403 chars]"
"{'id': None, 'name': 'Crypto Briefing'}",Editorial Team,Elon Musk loses trillionaire status as SpaceX shares tumble nearly 30%,"Musk's wealth drop highlights the volatility of tech investments and the risks of concentrated holdings, impacting market sentiment broadly.
The post Elon Musk loses trillionaire status as SpaceX shares tumble nearly 30% appeared first on Crypto Briefing.",https://cryptobriefing.com/elon-musk-loses-trillionaire-status-spacex/,https://static.cryptobriefing.com/wp-content/uploads/2026/06/24142559/elon-musk-starship-profile-2-800x420.jpeg,2026-06-24T18:26:06Z,The world's first trillionaire held the title for roughly two weeks before a tech sell-off erased an estimated $300 billion from his fortune It took Elon Musk decades to become the world’s first tril… [+2308 chars]
"{'id': None, 'name': 'Jalopnik'}",staff@jalopnik.com (Andy Kalmowitz),Tesla And Jeep Stand Out As The Only American Automakers In The Top 10 Of This Year's 'American-Made Index',"Among the 379 light-duty vehicles automakers sell (or plan to sell in the U.S.) in 2026, 119 are made solely in the U.S.",https://www.jalopnik.com/2200039/tesla-jeep-america-automaker-top-10/,https://www.jalopnik.com/img/gallery/tesla-and-jeep-stand-out-as-the-only-american-automakers-in-the-top-10-of-this-years-american-made-index/l-intro-1782238641.jpg,2026-06-24T18:25:00Z,"It's that time of year again! Cars.com has released its annual list of the most American-made vehicles you can currently buy. If you're a fan of the Big Three and the idea of ""buying American,"" this … [+1489 chars]"
"{'id': None, 'name': 'Diariobitcoin.com'}",Canuto,Slate fija en USD $24.950 el precio base de su pickup eléctrica y sube la autonomía a 205 millas,"Slate puso cifras concretas sobre la mesa para su primera camioneta eléctrica: un precio base de USD $24.950 antes del cargo de destino, una batería mayor a la prevista y 205 millas de autonomía. El anuncio busca reforzar la tesis de un vehículo eléctrico ase…",https://www.diariobitcoin.com/noticias/slate-fija-en-usd-24-950-el-precio-base-de-su-pickup-electrica-y-sube-la-autonomia-a-205-millas/,https://diariobitcoin.b-cdn.net/wp-content/uploads/2026/06/canuto-imagine-1782325392.jpg,2026-06-24T18:23:20Z,"Por Canuto   Slate puso cifras concretas sobre la mesa para su primera camioneta eléctrica: un precio base de USD $24.950 antes del cargo de destino, una batería mayor a la prevista y 205 millas de a… [+10395 chars]"
"{'id': None, 'name': 'Biztoc.com'}",finance.yahoo.com,"Stocks making big moves yesterday: GoDaddy, Micron, AMN Healthcare Services, Tesla, and Broadcom","Check out the companies making headlines yesterday:
GoDaddy (NYSE:GDDY): Domain registrar and web services company GoDaddy (NYSE:GDDY) rose by 1.8% on Tuesday after the Linux Foundation announced its intent to launch an Agent Name Service (ANS), a new open st…",https://biztoc.com/x/fee5503009d7e6f1,https://biztoc.com/cdn/fee5503009d7e6f1_s.webp,2026-06-24T18:17:22Z,Check out the companies making headlines yesterday:GoDaddy (NYSE:GDDY): Domain registrar and web services company GoDaddy (NYSE:GDDY) rose by 1.8% on Tuesday after the Linux Foundation announced its … [+147 chars]
"{'id': None, 'name': 'Biztoc.com'}",breakingthenews.net,NTSB probes Tesla over fatal crash,The US National Transportation Safety Board (NTSB) opened an investigation on Wednesday into a fatal crash that took place earlier this month in Texas involving a Tesla Model 3. The National Highway T...,https://biztoc.com/x/ebeb516634c20935,https://biztoc.com/cdn/ebeb516634c20935_s.webp,2026-06-24T18:15:10Z,The US National Transportation Safety Board (NTSB) opened an investigation on Wednesday into a fatal crash that took place earlier this month in Texas involving a Tesla Model 3. The National Highway … [+69 chars]
"{'id': None, 'name': 'Electrek'}",Reinette LeJeune,"Prime Day-2 Deals: Bluetti Prime Day Sale with exclusive new power station lows, Segway Navimow X4 robot mower lows, more","It’s the second day of Amazon’s Prime Day savings event, and we’ve got another jam-packed edition of Green Deals for you – plus, all the other major savings during this week that’s been collected into our regularly updated Prime Day Green Deals roundup hub he…",http://electrek.co/2026/06/24/bluetti-prime-day-power-stations-segway-navimow-robot-mower-more/,https://i0.wp.com/electrek.co/wp-content/uploads/sites/3/2026/06/Bluetti-Segway-Navimow-and-Scooters-Beatbot-GDs-FI.jpg?resize=1200%2C628&quality=82&strip=all&ssl=1,2026-06-24T18:00:00Z,"It’s the second day of Amazon’s Prime Day savings event, and we’ve got another jam-packed edition of Green Deals for you – plus, all the other major savings during this week that’s been collected int… [+7699 chars]"
"{'id': None, 'name': 'Epravda.com.ua'}",Экономическая правда,"Новости 24 июня: НПЗ в Москве не будет работать ещё полгода, Маск больше не триллионер","Илон Маск утратил статус триллионера, Московский НПЗ не заработает до 2027 года, топливный кризис в России, новые атаки на объекты ""Нафтогаза""",https://epravda.com.ua/rus/svit/glavnye-novosti-toplivnyy-krizis-v-rossii-udary-po-naftogazu-823007/,,2026-06-24T18:00:00Z,":
 . , , , , 24 , Tesla SpaceX. Bloomberg, 957 .
 . .
 """". """" , , .
 . , .
 50 -92, , .
 , .
 :
 . """"
. ?
. Threads
. , , ."
"{'id': None, 'name': 'Biztoc.com'}",barchart.com,Tesla Faces a New NHTSA Probe. Wall Street Might Be Missing the Bigger Story,"It appears that Tesla (TSLA) is back in news as yet another government investigation is opened against the company due to a fatal accident involving a Tesla Model 3 in Texas. The accident happened following the collision of the car with the building in Katy, …",https://biztoc.com/x/fdc5450cdefdede4,https://biztoc.com/cdn/fdc5450cdefdede4_s.webp,2026-06-24T17:59:29Z,It appears that Tesla (TSLA) is back in news as yet another government investigation is opened against the company due to a fatal accident involving a Tesla Model 3 in Texas. The accident happened fo… [+145 chars]
"{'id': None, 'name': 'Biztoc.com'}",247wallst.com,"Tesla Is Sliding Past $382, but Here Is Why Tech Compression and Global EV Price Wars Could Evaporate Another 50%","The post Tesla Is Sliding Past $382, but Here Is Why Tech Compression and Global EV Price Wars Could Evaporate Another 50% appeared first on 24/7 Wall St.. 
 
 
 
 Tesla (TSLA) looks vulnerable at $381.61 with credible path toward $190 as tech multiples compr…",https://biztoc.com/x/d908167cb516f706,https://biztoc.com/cdn/d908167cb516f706_s.webp,2026-06-24T17:59:22Z,"The post Tesla Is Sliding Past $382, but Here Is Why Tech Compression and Global EV Price Wars Could Evaporate Another 50% appeared first on 24/7 Wall St.. 
Tesla (TSLA) looks vulnerable at $381.61 … [+137 chars]"
"{'id': None, 'name': 'Olhardigital.com.br'}",Pedro Spadoni,Tesla: como acidente fatal no Texas expõe os limites (e riscos) do ‘piloto automático’,"Uma idosa morreu após ser atropelada na sala de casa por um Tesla a quase 120 km/h; motorista alegou que o FSD estava ativado
O post Tesla: como acidente fatal no Texas expõe os limites (e riscos) do ‘piloto automático’ apareceu primeiro em Olhar Digital.",https://olhardigital.com.br/2026/06/24/carros-e-tecnologia/tesla-como-acidente-fatal-no-texas-expoe-os-limites-e-riscos-do-piloto-automatico/,https://olhardigital.com.br/wp-content/uploads/2026/06/Destaque-Tesla-FSD-scaled.jpg,2026-06-24T17:58:48Z,"Imagine estar na sala da sua casa e um carro a quase 120 km/h te atropelar. Foi o que aconteceu com a senhora Martha Avila, de 76 anos, em Katy, no Texas (EUA). Ela morreu por conta dos ferimentos. Q… [+486 chars]"
"{'id': None, 'name': 'Barchart.com'}",Yiannis Zourmpanos,Tesla Faces a New NHTSA Probe. Wall Street Might Be Missing the Bigger Story.,"Tesla stock is under pressure following a new federal safety investigation, but investors remain focused on the company's autonomy ambitions and AI-driven gr...",https://www.barchart.com/story/news/2631740/tesla-faces-a-new-nhtsa-probe-wall-street-might-be-missing-the-bigger-story,https://s.yimg.com/lo/mysterio/api/E4965281A5450DED8D459FD5B183833FFB55A2E5C4E322D3A9D588DCAB5709FA/subgraphmysterio/resizefill_w1200_h800;quality_80;format_webp/https:%2F%2Fmedia.zenfs.com%2Fen%2Fbarchart_com_477%2F4455e5a030b85f304b688601254fc82c,2026-06-24T17:53:31Z,It appears that Tesla (TSLA) is back in news as yet another government investigation is opened against the company due to a fatal accident involving a Tesla Model 3 in Texas. The accident happened fo… [+4527 chars]
"{'id': None, 'name': 'Slashdot.org'}",feedfeeder,Elon Musk denies Tesla’s Autopilot caused crash that killed grandmother,"Tesla, accused of failing to fix design flaws, blames driver pressing accelerator.",https://slashdot.org/firehose.pl?op=view&amp;id=184069344,,2026-06-24T17:52:39Z,"I never cheated an honest man, only rascals. They wanted something for
nothing. I gave them nothing for something.
-- Joseph ""Yellow Kid"" Weil"
"{'id': None, 'name': 'Ibtimes.com.au'}",Tony Jackson,Sunrun Stock Soars 19% on 16-Gigawatt Power Deal With Tesla to Supply AI Data Centers,"Sunrun's shares surged after announcing a partnership with Tesla and Renew Home to supply 16 gigawatts of energy capacity to AI data centers and utilities, aiming to reduce electricity costs.",https://www.ibtimes.com.au/sunrun-tesla-renew-home-energy-partnership-1871234,https://d.ibtimes.com.au/en/full/1894852/sunrun-stock-soars-19-16-gigawatt-power-deal-tesla.jpg,2026-06-24T17:50:07Z,Sunrun shares jumped 19.13% to $15.26 in midday trading Wednesday after the residential solar leader unveiled a sweeping virtual power plant partnership with Tesla and home-energy management platform… [+7248 chars]
"{'id': None, 'name': 'Génération NT'}",Sirius,"Accident Tesla au Texas : le conducteur accuse l'Autopilot, les données disent le contraire","Une Tesla Model 3 s'est encastrée dans une maison à Katy, au Texas, causant la mort d'une femme de 76 ans. Le conducteur met en cause l'Autopilot, mais Tesla, s'appuyant sur les données du véhicule, réfute et pointe une erreur humaine. Une enquête fédérale de…",https://www.generation-nt.com/actualites/tesla-accident-texas-autopilot-nhtsa-conducteur-2077651,https://img.generation-nt.com/tesla-autopilot_04B002A301709268.webp,2026-06-24T17:50:01Z,"Le 19 juin dernier, un terrible drame a secoué un paisible quartier résidentiel de Katy, au Texas. Une berline électrique a brusquement quitté la chaussée à très haute vitesse avant de s'encastrer da… [+3923 chars]"
"{'id': None, 'name': 'Biztoc.com'}",finance.yahoo.com,Sunrun and Tesla Tap 16 GW of Homes to Power Data Centers,"This article first appeared on GuruFocus.
Sunrun (NASDAQ:RUN) rose 17.72% in premarket after the solar company announced a framework agreement with Tesla (NASDAQ:TSLA) and Renew Home to aggregate more than 16 gigawatts of flexible energy capacity from residen…",https://biztoc.com/x/4221a02a330fb6e2,https://biztoc.com/cdn/995/og.png,2026-06-24T17:46:51Z,This article first appeared on GuruFocus.Sunrun (NASDAQ:RUN) rose 17.72% in premarket after the solar company announced a framework agreement with Tesla (NASDAQ:TSLA) and Renew Home to aggregate more… [+151 chars]
"{'id': 'bbc-news', 'name': 'BBC News'}",https://www.facebook.com/bbcnews,Elon Musk loses trillionaire status as global tech rout hits SpaceX,Elon Musk lost his trillionaire status on Tuesday after a brutal global tech rout erased billions from his wealth.,https://www.bbc.co.uk/news/articles/c8j2m2p8dgmo,https://ichef.bbci.co.uk/ace/branded_news/1200/cpsprodpb/0d58/live/c4d89e30-6ff4-11f1-91bd-23fe59e75f62.jpg,2026-06-24T17:45:13Z,"Tech entrepreneur Elon Musk lost his trillionaire status on Tuesday, less than two weeks after becoming the first person to achieve it following SpaceX's public debut, according to data from Bloomber… [+2960 chars]"
"{'id': None, 'name': 'CNA'}",,Tesla sued over fatal Texas crash linked to Autopilot,"June 24 : Tesla has been sued by the family of a 76-year-old Texas grandmother killed last week when a driver using his Model 3's automated driving assistance system crashed into her suburban Houston home, the family's lawyers said.According to a complaint fi…",https://www.channelnewsasia.com/business/tesla-sued-over-fatal-texas-crash-linked-autopilot-6207691,"https://dam.mediacorp.sg/image/upload/s--V0HyrBNF--/c_fill,g_auto,h_676,w_1200/fl_relative,g_south_east,l_mediacorp:cna:watermark:2024-04:reuters_1,w_0.1/f_auto,q_auto/v1/one-cms/core/2026-06-24T174355Z_1_LYNXMPEM5N1A3_RTROPTP_3_AUTOS-TESLA.JPG?itok=x_RiXlIE",2026-06-24T17:41:26Z,June 24 : Tesla has been sued by the family of a 76-year-old Texas grandmother killed last week when a driver using his Model 3's automated driving assistance system crashed into her suburban Houston… [+2437 chars]
"{'id': None, 'name': 'Ibtimes.com.au'}",Tony Jackson,Dow Closes Up 153 Points as Markets Steady Ahead of Micron Earnings After Tuesday's Chip Selloff,The Dow Jones rose 153 points as Wall Street stabilised after a tech selloff. Micron's earnings report is seen as a crucial market catalyst amid ongoing volatility.,https://www.ibtimes.com.au/wall-street-rebounds-micron-earnings-tech-selloff-1871231,https://d.ibtimes.com.au/en/full/1893186/ftse-100-surges-08-today-oil-eases-markets.jpg,2026-06-24T17:38:45Z,"The Dow Jones Industrial Average rose 153.33 points, closing at 51,820.17, as Wall Street stabilized Wednesday following a brutal session a day earlier that had been triggered by a sweeping global se… [+6077 chars]"
"{'id': None, 'name': 'Abcnews.com'}",MATT O'BRIEN AP technology writer,Agility Robotics heads to Wall Street in a $2.5B bet on staffing warehouses with humanoids,"Agility Robotics, a maker of humanlike robots, is going public on Wall Street",https://abcnews.com/Business/wireStory/agility-robotics-heads-wall-street-25b-bet-staffing-134172820,https://i.abcnewsfe.com/a/ada3ea80-71ad-4e33-b2a7-4789af750b2b/wirestory_39f2356b9c1e167d0985b821f70079c5_16x9.jpg?w=1600,2026-06-24T17:30:19Z,"A maker of humanlike robots that carry totes around warehouses is going public on Wall Street in a test of whether there's a market for putting AI-powered humanoid machines to work.
Agility Robotics… [+2003 chars]"
"{'id': 'the-next-web', 'name': 'The Next Web'}",Darius Popa,Morgan Stanley doubles its China robot forecast again,"Morgan Stanley has doubled its forecast for China humanoid robot shipments again, to 50,000 this year. The bank says the machines are moving from stage demos to real factories, shops and restaurants. China’s robots are leaving the showroom and reaching the sh…",https://thenextweb.com/news/china-humanoid-robot-forecast-morgan-stanley-50000/,https://media.thenextweb.com/2026/05/recycling-humanoid-robots-waste-labour-crisis.avif,2026-06-24T17:26:38Z,"Morgan Stanley has doubled its forecast for China humanoid robot shipments again, to 50,000 this year. The bank says the machines are moving from stage demos to real factories, shops and restaurants.… [+5837 chars]"
"{'id': None, 'name': 'Diariobitcoin.com'}",Canuto,China muestra su poder en IA con robots humanoides que compiten en evento de Shanghái,"Una tanda de penales entre robots humanoides en el MWC Shanghái 2026 sirvió como vitrina para medir percepción, equilibrio y toma de decisiones en tiempo real, al tiempo que reforzó la narrativa de China como actor dominante en la robótica humanoide.",https://www.diariobitcoin.com/china/china-muestra-su-poder-en-ia-con-robots-humanoides-que-compiten-en-evento-de-shanghai/,https://diariobitcoin.b-cdn.net/wp-content/uploads/2026/06/canuto-imagine-1782321507.jpg,2026-06-24T17:24:10Z,"Por Canuto   Una tanda de penales entre robots humanoides en el MWC Shanghái 2026 sirvió como vitrina para medir percepción, equilibrio y toma de decisiones en tiempo real, al tiempo que reforzó la n… [+8103 chars]"
"{'id': None, 'name': 'Futurism'}",Victor Tangermann,SpaceX Stock Has Fallen So Far That Elon Musk Is No Longer a Trillionaire,"Now that SpaceX shares are hovering just above the company's opening price, Elon Musk is technically no longer a trillionaire.",https://futurism.com/space/spacex-stock-fallen-elon-musk-trillionaire,https://futurism.com/wp-content/uploads/2026/06/spacex-stock-fallen-elon-musk-trillionaire.jpg?w=1200,2026-06-24T17:23:25Z,"Can’t-miss innovations from the bleeding edge of science and tech
SpaceX’s blockbuster IPO earlier this month made Elon Musk, who was already the wealthiest person in the world by net value, unfatho… [+2204 chars]"
"{'id': None, 'name': 'Www.vrt.be'}",Belga,Vermogen zakt onder 1.000 miljard dollar: Elon Musk is geen biljonair meer,"Elon Musk is niet langer een biljonair. Zijn vermogen is onder de 1.000 miljard dollar of ruim 880 miljard euro gezakt, doordat de aandelenkoersen van de bedrijven SpaceX en Tesla zijn gedaald. Musk blijft wel veruit de rijkste man ter wereld.",https://www.vrt.be/vrtnws/nl/2026/06/24/elon-musk-geen-biljonair-meer/,https://images.vrt.be/vrtnws_share/2026/06/24/61829018-d3cc-4604-9120-ae5ff1398169.jpg,2026-06-24T17:13:00Z,"Elon Musk werd een twaalftal dagen geleden de eerste biljonair ter wereld, na de beursgang van zijn ruimtevaart- en AI-bedrijf SpaceX.
Het aandeel piekte tot ongeveer 200 dollar, maar de voorbije da… [+577 chars]"
"{'id': None, 'name': 'Slashdot.org'}",feedfeeder,Family files wrongful death suit following Tesla crash in Texas,Victim's family files wrongful death suit following Tesla crash in Texas.,https://slashdot.org/firehose.pl?op=view&amp;id=184068982,,2026-06-24T17:12:21Z,"I never cheated an honest man, only rascals. They wanted something for
nothing. I gave them nothing for something.
-- Joseph ""Yellow Kid"" Weil"
"{'id': None, 'name': 'iLounge'}",Samantha Wiley,Important Apple Files Found on Dark Web,"One of Apple’s significant partners for manufacturing located in India has confirmed that they came under fire from a cyberattack that led to important documents of Apple being lost and leaked on the Dark Web. World Leaks, a ransom group, has stolen and distr…",https://www.ilounge.com/news/apple/important-apple-files-found-on-dark-web,https://www.ilounge.com/wp-content/uploads/2026/06/image-116.png,2026-06-24T17:08:48Z,One of Apple’s significant partners for manufacturing located in India has confirmed that they came under fire from a cyberattack that led to important documents of Apple being lost and leaked on the… [+739 chars]
"{'id': None, 'name': 'How-To Geek'}",Jon Fingas,Tesla could bring its spacious Model Y L to the US in late summer,Tesla could bring its spacious Model Y L to the US in late summerhowtogeek.com,https://www.howtogeek.com/tesla-model-y-l-us-release-date/,https://static0.howtogeekimages.com/wordpress/wp-content/uploads/2026/06/tesla-model-y-l.jpg?w=1600&h=900&fit=crop,2026-06-24T17:02:12Z,"You might not have to wait much longer if you want the roomier Tesla Model Y L to drive your family around. Tesla is reportedly set to bring the larger, three-row Model Y variant to the U.S. and Cana… [+2586 chars]"
"{'id': None, 'name': 'Digi24.ro'}",Claudia Ariton,Elon Musk nu mai este trilionar. Cât de mult i-a scăzut averea după deprecierea acțiunilor Tesla și SpaceX,"Elon Musk nu mai face parte din exclusivistul „club al trilionarilor”, după ce averea sa a coborât sub pragul de 1.000 de miliarde de dolari. Scăderea puternică a acțiunilor SpaceX și noile restricții aplicate unui pachet de acțiuni Tesla deținut de miliardar…",https://www.digi24.ro/stiri/externe/sua/elon-musk-nu-mai-este-trilionar-cat-de-mult-i-a-scazut-averea-dupa-deprecierea-actiunilor-tesla-si-spacex-3830951,https://s.iw.ro/gateway/g/ZmlsZVNvdXJjZT1odHRwJTNBJTJGJTJG/c3RvcmFnZTA4dHJhbnNjb2Rlci5yY3Mt/cmRzLnJvJTJGc3RvcmFnZSUyRjIwMjUl/MkYwNSUyRjIxJTJGMjI2NDI3NV8yMjY0/Mjc1X3Byb2ZpbWVkaWEtMDk2NjY1NjQ5/Mi5qcGcmdz0xMjAwJmg9NjMwJnpjPTEm/aGFzaD03NGU2NTNjZTc3N2JjM2Y1NWMwMjJjYmNiYjRhMTFhYw==.thumb.jpg,2026-06-24T16:54:16Z,"Elon Musk nu mai face parte din exclusivistul club al trilionarilor, dup ce averea sa a coborât sub pragul de 1.000 de miliarde de dolari. Scderea puternic a aciunilor SpaceX i noile restricii aplica… [+2780 chars]"
"{'id': 'the-times-of-india', 'name': 'The Times of India'}",Trending Desk,"FIFA World Cup 2026 Standings: How Brazil, Argentina, England and France can reach the round of 32 under new rules","FIFA World Cup 2026 Standings: The FIFA World Cup 2026 introduces a thrilling 48-team format with 12 groups, making every point vital. For the first time, eight of the best third-placed teams will also advance to the Round of 32, alongside the top two from ea…",https://economictimes.indiatimes.com/news/new-updates/fifa-world-cup-2026-standings-how-teams-are-ranked-what-the-new-third-place-rules-mean-and-who-can-still-reach-the-round-of-32/articleshow/131973280.cms,"https://img.etimg.com/thumb/msid-131973294,width-1200,height-630,imgsize-186962,overlay-economictimes/articleshow.jpg",2026-06-24T16:51:33Z,"FIFA World Cup 2026 Standings: The FIFA World Cup 2026 is unlike any edition football fans have seen before. With 48 teams, 12 groups, and a newly expanded Round of 32, the tournament has introduced … [+4866 chars]"
"{'id': 'the-times-of-india', 'name': 'The Times of India'}",AP,Agility Robotics heads to Wall Street in a $2.5 billion bet on staffing warehouses with humanoids,"Agility Robotics, an AI-driven humanoid robotics for warehouse operations, plans to go public with a remarkable $2.5 billion valuation. This move signifies a noteworthy advancement for the rapidly growing humanoid robot industry. Their 'Digit' robots, optimiz…",https://economictimes.indiatimes.com/tech/technology/agility-robotics-heads-to-wall-street-in-a-2-5-billion-bet-on-staffing-warehouses-with-humanoids/articleshow/131973157.cms,"https://img.etimg.com/thumb/width-1200,height-900,imgsize-109486,resizemode-75,msid-131973157/tech/technology/agility-robotics-heads-to-wall-street-in-a-2-5-billion-bet-on-staffing-warehouses-with-humanoids.jpg",2026-06-24T16:46:01Z,"A maker of humanlike robots that carry totes around warehouses is going public on Wall Street in a test of whether there's a market for putting AI-powered humanoid machines to work.Agility Robotics, … [+2009 chars]"
